<?xml version="1.0" encoding="UTF-8"?>
<project-private xmlns="http://www.netbeans.org/ns/project-private/1">
    <editor-bookmarks xmlns="http://www.netbeans.org/ns/editor-bookmarks/2" lastBookmarkId="0"/>
    <open-files xmlns="http://www.netbeans.org/ns/projectui-open-files/2">
        <group>
            <file>file:/C:/Users/peter/OneDrive%20-%20National%20College%20of%20Ireland/Object%20oriented%20programming/HospitalApp/src/hospitalapp/Maintenance.java</file>
            <file>file:/C:/Users/peter/OneDrive%20-%20National%20College%20of%20Ireland/Object%20oriented%20programming/HospitalApp/src/hospitalapp/Doctor.java</file>
            <file>file:/C:/Users/peter/OneDrive%20-%20National%20College%20of%20Ireland/Object%20oriented%20programming/HospitalApp/src/hospitalapp/Nurse.java</file>
            <file>file:/C:/Users/peter/OneDrive%20-%20National%20College%20of%20Ireland/Object%20oriented%20programming/HospitalApp/src/hospitalapp/ProtoEmployeeApp.java</file>
            <file>file:/C:/Users/peter/OneDrive%20-%20National%20College%20of%20Ireland/Object%20oriented%20programming/HospitalApp/src/hospitalapp/ProtoEmployee.java</file>
            <file>file:/C:/Users/peter/OneDrive%20-%20National%20College%20of%20Ireland/Object%20oriented%20programming/HospitalApp/src/hospitalapp/ProtoEmployeeGUI.java</file>
            <file>file:/C:/Users/peter/OneDrive%20-%20National%20College%20of%20Ireland/Object%20oriented%20programming/HospitalApp/src/hospitalapp/EmpMessage.java</file>
        </group>
    </open-files>
</project-private>
